"entryID","name","type","reaction","x","y","graphicalType","width","height","bgcolor","entrez","dictID","reaction_type","org","pathway","is_bottleneck","freq","betweenness","connectivity","triangles","clusteringCoef","closenessCoef","community","eigenvectorScore","eccentricity","radius","diameter","degree","authorityScore","hubScore","bottleneck_classification"
"23","ec:1.5.1.3","gene","rn:R00936 rn:R00939",158,298,"rectangle",46,17,"#BFFFBF","mpn:MPN321",4388,"reversible","mpn","00670",0,1,0.0166666666666667,2,2,0.666666666666667,0.0769230769230769,1,0,3,2,3,3,0.2593772049451,0.58249411948286,"NHNB"
"24","ec:1.5.1.3","gene","rn:R02235 rn:R02236",121,266,"rectangle",46,17,"#BFFFBF","mpn:MPN321",4389,"reversible","mpn","00670",0,1,0.0166666666666667,2,2,0.666666666666667,0.0769230769230769,1,0,3,2,3,3,0.2593772049451,0.58249411948286,"NHNB"
"28","ec:3.5.4.9","gene","rn:R01655",424,302,"rectangle",46,17,"#BFFFBF","mpn:MPN017",4393,"reversible","mpn","00670",1,1,0.216666666666667,3,2,0.333333333333333,0.05,1,1,2,2,3,7,1,1,"HB"
"29","ec:1.5.1.5","gene","rn:R01220",554,302,"rectangle",46,17,"#BFFFBF","mpn:MPN017",4394,"reversible","mpn","00670",1,1,0.216666666666667,3,2,0.333333333333333,0.05,1,1,2,2,3,7,1,1,"HB"
"41","ec:6.3.3.2","gene","rn:R02301",534,239,"rectangle",46,17,"#BFFFBF","mpn:MPN348",4395,"irreversible","mpn","00670",0,1,0,1,0,0,0.0476190476190476,1,0.618033988749895,3,2,3,2,0.318447087580818,0.477927191627039,"NHNB"
"46","ec:2.1.2.9","gene","rn:R03940",284,393,"rectangle",46,17,"#BFFFBF","mpn:MPN543",4397,"irreversible","mpn","00670",0,1,0,0,2,0.666666666666667,0.0333333333333333,1,0.618033988749894,2,2,3,3,0.77392182868786,3.09309931966718e-17,"NHNB"
"52","ec:2.1.1.45","gene","rn:R02101",397,520,"rectangle",46,17,"#BFFFBF","mpn:MPN320",4403,"reversible","mpn","00670",0,1,0,3,2,0.666666666666667,0.142857142857143,1,2.96543758138761e-17,2,2,3,3,0,0.81450644411773,"NHNB"
"61","ec:2.1.2.1","gene","rn:R00945",398,191,"rectangle",46,17,"#BFFFBF","mpn:MPN576",4407,"reversible","mpn","00670",0,1,0.116666666666667,2,4,0.666666666666667,0.0625,1,0,2,2,3,4,0.44487076082737,0.84780547775069,"NHNB"
"68","ec:1.5.1.3","gene","rn:R00937 rn:R00940",152,243,"rectangle",46,17,"#BFFFBF","mpn:MPN321",4411,"irreversible","mpn","00670",0,1,0.0166666666666667,2,2,0.666666666666667,0.0769230769230769,1,0,3,2,3,3,0.2593772049451,0.58249411948286,"NHNB"
