"","ap_dict_id","org","pathway","pathway_nodes","pathway_edges","ap_ec","eccentricity","noSubgraphs","subgraph1_size","subgraph1_community","subgraph1_mean_degree","subgraph2_size","subgraph2_community","subgraph2_mean_degree","subgraph3_size","subgraph3_community","subgraph3_mean_degree","subgraph4_size","subgraph4_community","subgraph4_mean_degree"
"1","4290","ec","00643",21,27,"ec:4.2.1.54",4,4,8,4,2.44444444444444,7,3,1.42857142857143,1,1,0,4,4,0.5
"2","4291","ec","00643",21,27,"ec:5.2.1.2",2,4,8,4,2.44444444444444,9,4,1.77777777777778,1,1,0,2,2,0
"3","4292","ec","00643",21,27,"ec:2.8.3.12",3,4,8,4,2.44444444444444,6,3,1.33333333333333,2,2,1,4,4,0.5
"4","4294","ec","00643",21,27,"ec:1.2.1.39",2,4,5,2,2,2,2,1,9,4,1.55555555555556,4,4,0.5
"5","4299","ec","00643",21,27,"ec:1.13.11.5",2,4,8,4,2.44444444444444,9,4,1.77777777777778,2,2,1,1,1,0
"6","4300","ec","00643",21,27,"ec:1.13.11.2",4,4,8,4,2.44444444444444,7,3,1.71428571428571,4,4,0.5,1,1,0
"7","4301","ec","00643",21,27,"ec:5.3.99.7",3,4,6,3,2.85714285714286,1,1,0,9,4,1.77777777777778,4,4,1
"8","4303","ec","00643",21,27,"ec:3.7.1.9",3,4,8,4,2.66666666666667,2,2,1,6,2,2.33333333333333,4,4,1
