"","ap_dict_id","org","pathway","pathway_nodes","pathway_edges","ap_ec","eccentricity","noSubgraphs","subgraph1_size","subgraph1_community","subgraph1_mean_degree","subgraph2_size","subgraph2_community","subgraph2_mean_degree","subgraph3_size","subgraph3_community","subgraph3_mean_degree"
"1","4305","ec","00650",54,163,"ec:1.1.1.30",9,3,49,5,6.12,2,2,0,2,2,0
"2","4306","ec","00650",54,163,"ec:3.1.1.22",10,3,50,5,6.07843137254902,2,2,0,1,1,0
"3","4334","ec","00650",54,163,"ec:1.1.1.83",7,3,38,7,5.23076923076923,13,5,3.53846153846154,2,2,1
"4","4335","ec","00650",54,163,"ec:4.2.1.31",8,3,39,7,5.15,12,4,3.66666666666667,2,2,1
"5","4336","ec","00650",54,163,"ec:5.2.1.1",9,3,40,8,5.1219512195122,11,4,3.81818181818182,2,2,1
"6","4338","ec","00650",54,163,"ec:4.1.1.5",8,3,5,6,0.666666666666667,46,7,5.21739130434783,2,2,1
"7","4350","ec","00650",54,163,"ec:2.2.1.6",7,3,6,4,1.71428571428571,45,7,5.82222222222222,2,2,0
