"","ap_dict_id","org","pathway","pathway_nodes","pathway_edges","pathway_radius","pathway_diameter","ap_ec","ap_group","ap_percentage","eccentricity","noSubgraphs","subgraph1_size","subgraph1_community","subgraph1_mean_degree","subgraph2_size","subgraph2_community","subgraph2_mean_degree"
"1",5082,"ec","00900",52,160,6,12,"ec:1.1.1.267","30<=x<80",72.292403570827,11,2,50,6,6.23529411764706,1,1,0
"2",5083,"ec","00900",52,160,6,12,"ec:2.7.7.60","30<=x<80",73.8925383190163,10,2,49,6,6.32,2,2,1
"3",5084,"ec","00900",52,160,6,12,"ec:2.7.1.148","30<=x<80",77.985514569648,9,2,48,6,6.40816326530612,3,3,1.33333333333333
"4",5085,"ec","00900",52,160,6,12,"ec:4.6.1.12","30<=x<80",73.7746336533603,8,2,47,5,6.5,4,2,1.5
"5",5089,"ec","00900",52,160,6,12,"ec:2.3.3.10","<30",25.0126326427489,11,2,1,2,0,50,7,6.2
"6",5100,"ec","00900",52,160,6,12,"ec:2.5.1.68","<30",10.4935152433889,7,2,49,8,5.4,2,2,0
"7",5117,"ec","00900",52,160,6,12,"ec:2.5.1.58","<30",8.84284992420414,8,2,49,6,6.28,2,2,0
"8",5124,"ec","00900",52,160,6,12,"ec:3.4.24.84","<30",25.2652854977261,9,2,50,6,6.23529411764706,1,1,0
