"","ap_dict_id","org","pathway","pathway_nodes","pathway_edges","ap_ec","eccentricity","noSubgraphs","subgraph1_size","subgraph1_community","subgraph1_mean_degree","subgraph2_size","subgraph2_community","subgraph2_mean_degree","subgraph3_size","subgraph3_community","subgraph3_mean_degree"
"1","1504","ec","00260",74,322,"ec:1.2.1.8",10,3,69,9,8.57142857142857,1,1,0,3,3,0.666666666666667
"2","1513","ec","00260",74,322,"ec:4.2.1.22",9,3,69,10,8.57142857142857,3,3,0.666666666666667,1,1,0
"3","1525","ec","00260",74,322,"ec:4.2.3.1",6,3,58,8,9.6271186440678,3,3,0,12,6,1.66666666666667
"4","1529","ec","00260",74,322,"ec:1.2.1.11",9,3,69,10,8.94285714285714,3,3,0,1,1,0
"5","1532","ec","00260",74,322,"ec:2.7.1.39",7,3,59,8,9.6,3,3,0,11,5,1.63636363636364
"6","1535","ec","00260",74,322,"ec:1.1.1.3",8,3,60,10,9.60655737704918,3,3,0,10,4,2.2
"7","1540","ec","00260",74,322,"ec:1.1.1.75",1,3,71,9,8.88888888888889,1,1,0,1,1,0
