"","ap_dict_id","org","pathway","pathway_nodes","pathway_edges","ap_ec","eccentricity","noSubgraphs","subgraph1_size","subgraph1_community","subgraph1_mean_degree","subgraph2_size","subgraph2_community","subgraph2_mean_degree","subgraph3_size","subgraph3_community","subgraph3_mean_degree"
"1","180","ec","00040",73,167,"ec:1.1.1.45",7,3,30,12,2.45161290322581,38,11,3.78947368421053,4,4,0.5
"2","183","ec","00040",73,167,"ec:1.1.1.22",11,3,67,10,4.52941176470588,1,1,0,4,4,0.5
"3","203","ec","00040",73,167,"ec:2.7.1.5",9,3,67,10,4.55882352941176,4,4,0.5,1,1,0
"4","212","ec","00040",73,167,"ec:4.2.1.146",12,3,66,9,4.59701492537313,4,4,1.5,2,2,0
"5","213","ec","00040",73,167,"ec:4.1.2.54",13,3,67,9,4.58823529411765,4,4,1.5,1,1,0
"6","218","ec","00040",73,167,"ec:4.2.1.141",1,3,69,9,4.62857142857143,2,2,1,1,1,0
"7","220","ec","00040",73,167,"ec:1.1.1.365",11,3,65,9,4.63636363636364,4,4,1.5,3,3,0.666666666666667
