"","ap_dict_id","org","pathway","pathway_nodes","pathway_edges","ap_ec","ap_group","eccentricity","noSubgraphs","subgraph1_size","subgraph1_community","subgraph1_mean_degree","subgraph2_size","subgraph2_community","subgraph2_mean_degree"
"1",3360,"ec","00550",20,25,"ec:2.4.1.227",">=80",7,2,14,6,2.26666666666667,5,3,0.8
"2",3361,"ec","00550",20,25,"ec:2.7.8.13",">=80",6,2,13,6,2,6,4,0.666666666666667
"3",3365,"ec","00550",20,25,"ec:6.3.2.9",">=80",8,2,3,4,1,16,3,2.625
"4",3366,"ec","00550",20,25,"ec:6.3.2.8",">=80",9,2,2,3,0.666666666666667,17,5,2.58823529411765
"5",3368,"ec","00550",20,25,"ec:2.7.8.13",">=80",7,2,18,5,2.31578947368421,1,1,0
"6",3371,"ec","00550",20,25,"ec:2.3.2.16","<30",9,2,17,5,2.33333333333333,2,2,0
"7",3372,"ec","00550",20,25,"ec:2.3.2.17","<30",10,2,18,4,2.42105263157895,1,1,0
"8",3375,"ec","00550",20,25,"ec:1.3.1.98",">=80",10,2,1,2,0,18,4,2.55555555555556
"9",3392,"ec","00550",20,25,"ec:6.3.5.13","<30",8,2,16,5,2.35294117647059,3,3,0.666666666666667
