"","ap_dict_id","org","pathway","pathway_nodes","pathway_edges","ap_ec","eccentricity","noSubgraphs","subgraph1_size","subgraph1_community","subgraph1_mean_degree","subgraph2_size","subgraph2_community","subgraph2_mean_degree"
"1","3817","ec","00604",17,22,"ec:2.4.99.8",6,2,14,4,2.53333333333333,2,2,0
"2","3819","ec","00604",17,22,"ec:2.4.1.92",7,2,15,3,2.625,1,1,0
"3","3820","ec","00604",17,22,"ec:2.4.99.8",5,2,10,6,1.45454545454545,6,6,0.333333333333333
"4","3822","ec","00604",17,22,"ec:2.4.1.62",7,2,15,4,2.5,1,1,0
"5","3824","ec","00604",17,22,"ec:2.4.99.9",4,2,12,5,2.15384615384615,4,2,1
"6","3825","ec","00604",17,22,"ec:2.4.1.92",5,2,13,4,2.28571428571429,3,3,0.666666666666667
"7","3826","ec","00604",17,22,"ec:2.4.1.62",6,2,14,5,2.26666666666667,2,2,0
"8","3829","ec","00604",17,22,"ec:2.4.99.4",7,2,15,5,2.625,1,1,0
"9","3830","ec","00604",17,22,"ec:2.4.1.92",6,2,14,3,2.66666666666667,2,2,1
