"entryID","name","type","reaction","x","y","graphicalType","width","height","bgcolor","entrez","dictID","reaction_type","org","pathway","is_bottleneck","freq","betweenness","connectivity","triangles","clusteringCoef","closenessCoef","community","eigenvectorScore","eccentricity","radius","diameter","degree","authorityScore","hubScore","bottleneck_classification"
"39","ec:3.1.1.4","gene","rn:R07064",378,204,"rectangle",46,17,"#BFFFBF","dre:100148818 / dre:100149324 / dre:30554 / dre:402802 / dre:406370 / dre:406739 / dre:436622 / dre:436896 / dre:559087 / dre:560649 / dre:565386 / dre:571738 / dre:641423 / dre:798864",3665,"irreversible","dre","00591",0,1,0,0,2,0.666666666666667,0.00367647058823529,1,1,2,1,2,3,1,2.3129059034583e-17,"NHNB"
"78","ec:1.14.14.1","gene","rn:R07056",298,375,"rectangle",46,17,"#BFFFBF","dre:100034366 / dre:100034406",3673,"irreversible","dre","00591",0,1,0,15,14,0.133333333333333,0.0588235294117647,1,0.414213562373095,2,1,2,16,0.333333333333333,1,"NHNB"
"80",NA,"gene","rn:R07056",298,394,"rectangle",46,17,"#BFFFBF","dre:553969",NA,"irreversible","dre","00591",0,1,0.00833333333333333,16,28,0.233333333333333,0.0625,1,0.585786437626905,1,1,2,18,0.666666666666667,1,"HNB"
"82","ec:1.14.14.1","gene","rn:R07055",402,375,"rectangle",46,17,"#BFFFBF","dre:100034366 / dre:100034406",3675,"reversible","dre","00591",0,1,0,15,14,0.133333333333333,0.0588235294117647,1,0.414213562373095,2,1,2,16,0.333333333333333,1,"NHNB"
"84",NA,"gene","rn:R07055",402,394,"rectangle",46,17,"#BFFFBF","dre:553969",NA,"reversible","dre","00591",0,1,0.00833333333333333,16,28,0.233333333333333,0.0625,1,0.585786437626905,1,1,2,18,0.666666666666667,1,"HNB"
